<?xml version="1.0" encoding="UTF-8"?>
<project-private xmlns="http://www.netbeans.org/ns/project-private/1">
    <editor-bookmarks xmlns="http://www.netbeans.org/ns/editor-bookmarks/2" lastBookmarkId="0"/>
    <open-files xmlns="http://www.netbeans.org/ns/projectui-open-files/2">
        <group>
            <file>file:/C:/Users/Cerberus/Documents/GitHub/SayaPesan/SayaPesan/src/Entity/Menu.java</file>
            <file>file:/C:/Users/Cerberus/Documents/GitHub/SayaPesan/SayaPesan/src/Koneksi/OrdersCon.java</file>
            <file>file:/C:/Users/Cerberus/Documents/GitHub/SayaPesan/SayaPesan/src/sayapesan/Login.java</file>
            <file>file:/C:/Users/Cerberus/Documents/GitHub/SayaPesan/SayaPesan/src/Kantin/PemesanMenu.java</file>
            <file>file:/C:/Users/Cerberus/Documents/GitHub/SayaPesan/SayaPesan/src/Kantin/InputMenu.java</file>
            <file>file:/C:/Users/Cerberus/Documents/GitHub/SayaPesan/SayaPesan/src/Entity/orders.java</file>
            <file>file:/C:/Users/Cerberus/Documents/GitHub/SayaPesan/SayaPesan/src/Kantin/Orders.java</file>
            <file>file:/C:/Users/Cerberus/Documents/GitHub/SayaPesan/SayaPesan/src/Kantin/KantinMenu.java</file>
            <file>file:/C:/Users/Cerberus/Documents/GitHub/SayaPesan/SayaPesan/src/Koneksi/PemesananCon.java</file>
            <file>file:/C:/Users/Cerberus/Documents/GitHub/SayaPesan/SayaPesan/src/Pemesan/LihatPesanan.java</file>
            <file>file:/C:/Users/Cerberus/Documents/GitHub/SayaPesan/SayaPesan/src/Kantin/OrderDetails.java</file>
            <file>file:/C:/Users/Cerberus/Documents/GitHub/SayaPesan/SayaPesan/src/Entity/Tenant.java</file>
        </group>
    </open-files>
</project-private>
